<!--<?xml version="1.0" encoding="UTF-8"?>-->
<!DOCTYPE hibernate-configuration PUBLIC
	"-//Hibernate/Hibernate Configuration DTD 3.0//EN"
	"http://www.hibernate.org/dtd/hibernate-configuration-3.0.dtd">
<hibernate-configuration>
    <session-factory>
        <property name="connection.driver_class">com.mysql.cj.jdbc.Driver</property>
        <property name="connection.url">jdbc:mysql://localhost:3306/mycart</property>
        <property name="connection.username">root</property>           
        <property name="connection.password">harshit123</property>
        <property name="dialect">org.hibernate.dialect.MySQL8Dialect</property>
        <property name="show_sql">true</property>
        <property name="hbm2ddl.auto">update</property>
         
         <mapping class="mycart.entities.User"/>
         <mapping class="mycart.entities.Category"/>
         <mapping class="mycart.entities.Product"/>
    </session-factory>
</hibernate-configuration>